CHR,BP,SNP,P,A1,A2,OR,Beta,se,CHISQ
20,29459788,rs1227675732,3.05E-08,G,T,2.903,1.065744685,0.192423326,30.68
20,30418174,rs62206790,2.02E-07,A,G,2.78,1.022450928,0.196720224,27.02
9,41008177,rs879176184,4.30E-07,C,T,2.724,1.002101388,0.198232843,25.55
4,28719069,rs13115019,5.80E-07,A,T,2.437,0.890767775,0.178233391,24.98
12,70345617,rs57922961,6.82E-07,C,T,0.5081,-0.677077,0.136330986,24.67
17,27009297,rs78526049,1.29E-08,A,T,3.574,1.273685417,0.223949247,32.35
20,29459784,rs1313755017,2.85E-08,A,C,2.909,1.06780938,0.192383866,30.81
17,27009277,rs79366272,5.39E-08,A,G,3.406,1.225538582,0.225368153,29.57
2,90394315,rs62142007,7.91E-08,A,G,2.236,0.804688555,0.149872068,28.83
20,29087587,rs1211838747,9.51E-08,A,C,2.882,1.058484498,0.198372379,28.47
20,30418210,rs62206791,1.68E-07,C,T,2.768,1.018125038,0.194608634,27.37
